﻿Order Line,Order ID,Order Date,Ship Date,Ship Mode,Customer ID,Product ID,Sales,Quantity,Discount,Profit
9995,CA-2014-143371,28-12-2014,03-01-2015,Standard Class,MD-17350,TEC-AC-10002076,143.712,3,0.2,-8.982
9996,US-2014-143287,11-11-2014,17-11-2014,Standard Class,KN-16705,OFF-BI-10001679,17.76,10,0.8,-26.64
9997,CA-2017-166499,19-03-2017,20-03-2017,First Class,VG-21805,OFF-AP-10003281,2.418,1,0.8,-6.045
9998,US-2017-152842,16-07-2017,23-07-2017,Standard Class,NF-18385,TEC-PH-10001944,875.7,6,0,262.71
9999,CA-2015-149748,31-05-2015,02-06-2015,Second Class,EM-13825,OFF-BI-10004390,336.784,1,0.2,126.294
